message_id,date_utc,url,keywords,snippet
233149,2025-08-17T16:21:04+00:00,https://t.me/Udemy_Free_Courses4/233149,CCNA,"ðŸ“šâœï¸ **Cisco Certified Network Associate (CCNA) Practice Exams 2025**  ðŸ†: **New** â°: ASAP (336 Enrolls Left) â­ï¸: 4.7/5 ðŸ‘¨â€ðŸŽ“: 664 students ðŸŽ­: IT & Software > IT Certifications ðŸ‘„: English (US)  ðŸ’¬ Up-to-date CCNA practice tests with detailed explanations, exam tips, and full coverage of all exam domain"
233337,2025-08-19T01:55:51+00:00,https://t.me/Udemy_Free_Courses4/233337,CCNA,"ðŸ“šâœï¸ **IP Addressing and Subnetting - Hands-on Learning Approach**  ðŸ†: **Bestseller** â°: ASAP (488 Enrolls Left) â­ï¸: 4.7/5 ðŸ‘¨â€ðŸŽ“: 21,412 students ðŸŽ­: IT & Software > Network & Security ðŸ‘„: English (US)  ðŸ’¬ Learn IP Addressing to ace your A+, Network+, Security+, CCNA, CCNP, CEH, MCSA, MCSE, and any other IT Certifications."
233732,2025-08-21T09:41:06+00:00,https://t.me/Udemy_Free_Courses4/233732,AZ-104,"ðŸ“šâœï¸ **Microsoft Azure: Hands On Training: AZ-900 AZ-104 and AZ-305**  â°: ASAP (946 Enrolls Left) â­ï¸: 4.5/5 ðŸ‘¨â€ðŸŽ“: 71,646 students ðŸŽ­: IT & Software > Other IT & Software ðŸ‘„: English (US)  ðŸ’¬ | 30000+ Happy Students | Master the MS Azure Cloud Computing Platform with Hands-On Labs for AZ-900, AZ-104 and AZ-305"
235957,2025-09-01T08:31:38+00:00,https://t.me/Udemy_Free_Courses4/235957,AZ-104,"ðŸ“šâœï¸ **Microsoft Azure Administrator Complete Course: AZ-104 (2025)**  â°: ASAP (994 Enrolls Left) â­ï¸: 4.5/5 ðŸ‘¨â€ðŸŽ“: 12,219 students ðŸŽ­: IT & Software > Other IT & Software ðŸ‘„: English (US)  ðŸ’¬ Implement and manage Azure cloud services. Identity management, access control, and security policies"
236098,2025-09-02T02:15:59+00:00,https://t.me/Udemy_Free_Courses4/236098,AZ-104,"ðŸ“šâœï¸ **Azure Practice Tests: AZ-900, 104, 204, 305, 500 & AI-102**  ðŸ†: **New** â°: ASAP (74 Enrolls Left) â­ï¸: 4.0/5 ðŸ‘¨â€ðŸŽ“: 2,398 students ðŸŽ­: IT & Software > IT Certifications ðŸ‘„: English (US)  ðŸ’¬ 6 full-length Azure practice tests with 180 questions to help you pass AZ-900, AZ-104, AZ-204, AZ-305, AZ-500 & AI-102"
237143,2025-09-05T11:56:21+00:00,https://t.me/Udemy_Free_Courses4/237143,CompTIA Security+|SY0-701,"ðŸ“šâœï¸ **CompTIA Security+ (SY0-701) ExÃ¡menes de PrÃ¡ctica 2025**  ðŸ†: **New** â°: ASAP (379 Enrolls Left) â­ï¸: 5.0/5 ðŸ‘¨â€ðŸŽ“: 628 students ðŸŽ­: IT & Software > IT Certifications ðŸ‘„: Spanish (Spain)  ðŸ’¬ CompTIA Security+ (SY0-701) â€“ 6 ExÃ¡menes de prÃ¡ctica cronometrados, 540 preguntas con explicaciones"
237467,2025-09-06T15:40:01+00:00,https://t.me/Udemy_Free_Courses4/237467,200-301|CCNA,"ðŸ“šâœï¸ **Practice exams for the CCNA  200-301 V1.1 (Updated 2025)**  â°: ASAP (1000 Enrolls Left) â­ï¸: 4.1/5 ðŸ‘¨â€ðŸŽ“: 5,671 students ðŸŽ­: IT & Software > Network & Security ðŸ‘„: English (US)  ðŸ’¬ Turbocharge Your Networking Career with 1000+ Latest Exam-Aligned Questions!"
237469,2025-09-06T15:40:06+00:00,https://t.me/Udemy_Free_Courses4/237469,SY0-701,"ðŸ“šâœï¸ **Practice exams for the CompTIA SY0-701 certification**  â°: ASAP (1000 Enrolls Left) â­ï¸: 4.2/5 ðŸ‘¨â€ðŸŽ“: 3,887 students ðŸŽ­: IT & Software > IT Certifications ðŸ‘„: English (US)  ðŸ’¬ Comprehensive Practice with five Full-Length Mock Exams for Exam Success"
237474,2025-09-06T15:40:17+00:00,https://t.me/Udemy_Free_Courses4/237474,CCNA,"ðŸ“šâœï¸ **Practice exams for the CCNA CyberOps Associate 200-201 v1.1**  â°: ASAP (999 Enrolls Left) â­ï¸: 3.8/5 ðŸ‘¨â€ðŸŽ“: 6,180 students ðŸŽ­: IT & Software > Network & Security ðŸ‘„: English (US)  ðŸ’¬ Skyrocket Your Cyber Defense Skills with 500+ Expert-Crafted Questions!"
237528,2025-09-06T19:11:07+00:00,https://t.me/Udemy_Free_Courses4/237528,CCNA,"ðŸ“šâœï¸ **Cisco Certified Network Associate (CCNA) Practice Exams 2025**  ðŸ†: **New** â°: ASAP (1000 Enrolls Left) â­ï¸: 4.8/5 ðŸ‘¨â€ðŸŽ“: 1,236 students ðŸŽ­: IT & Software > IT Certifications ðŸ‘„: English (US)  ðŸ’¬ Up-to-date CCNA practice tests with detailed explanations, exam tips, and full coverage of all exam domain"
237736,2025-09-07T18:39:34+00:00,https://t.me/Udemy_Free_Courses4/237736,CompTIA Security+|SY0-701,"ðŸ“šâœï¸ **CompTIA Security+ (SY0-701) Practice Tests**  â°: ASAP (999 Enrolls Left) â­ï¸: 4.6/5 ðŸ‘¨â€ðŸŽ“: 17,941 students ðŸŽ­: IT & Software > IT Certifications ðŸ‘„: English (US)  ðŸ’¬ 5 Practice Tests, 450 Questions, Answers and Explanations covering all listed Security+ SY0-701 exam objectives"
237754,2025-09-07T22:09:48+00:00,https://t.me/Udemy_Free_Courses4/237754,AZ-104,"ðŸ“šâœï¸ **Microsoft Azure: Hands On Training: AZ-900 AZ-104 and AZ-305**  â°: ASAP (375 Enrolls Left) â­ï¸: 4.5/5 ðŸ‘¨â€ðŸŽ“: 72,851 students ðŸŽ­: IT & Software > Other IT & Software ðŸ‘„: English (US)  ðŸ’¬ | 30000+ Happy Students | Master the MS Azure Cloud Computing Platform with Hands-On Labs for AZ-900, AZ-104 and AZ-305"
237870,2025-09-08T08:39:41+00:00,https://t.me/Udemy_Free_Courses4/237870,AZ-104,"ðŸ“šâœï¸ **Microsoft Azure Administrator Complete Course: AZ-104 (2025)**  â°: ASAP (998 Enrolls Left) â­ï¸: 4.5/5 ðŸ‘¨â€ðŸŽ“: 13,162 students ðŸŽ­: IT & Software > Other IT & Software ðŸ‘„: English (US)  ðŸ’¬ Implement and manage Azure cloud services. Identity management, access control, and security policies"
238001,2025-09-08T15:40:03+00:00,https://t.me/Udemy_Free_Courses4/238001,SC-200,"ðŸ“šâœï¸ **SC-200: Microsoft Security Operations Analyst Practice Exams**  ðŸ†: **New** â°: ASAP (999 Enrolls Left) â­ï¸: 0.0/5 ðŸ‘¨â€ðŸŽ“: 695 students ðŸŽ­: IT & Software > IT Certifications ðŸ‘„: English (US)  ðŸ’¬ Up-to-date SC-200 practice tests with detailed explanations, exam tips, and full coverage of all exam domain"
238096,2025-09-09T01:10:06+00:00,https://t.me/Udemy_Free_Courses4/238096,CCNA,"ðŸ“šâœï¸ **CCNA Networking Essentials: A Comprehensive Cisco Course**  â°: ASAP (688 Enrolls Left) â­ï¸: 4.5/5 ðŸ‘¨â€ðŸŽ“: 40,908 students ðŸŽ­: IT & Software > IT Certifications ðŸ‘„: English (US)  ðŸ’¬ CCNA Networking: Master TCP/IP, VLANs, Routing Protocols, and Security Fundamentals for Success in IT"
238333,2025-09-09T18:09:54+00:00,https://t.me/Udemy_Free_Courses4/238333,CompTIA Security+|SY0-701,"ðŸ“šâœï¸ **CompTIA Security Plus (SY0-701) Mastery**  â°: ASAP (None Enrolls Left) â­ï¸: 4.8/5 ðŸ‘¨â€ðŸŽ“: 120 students ðŸŽ­: IT & Software > IT Certifications ðŸ‘„: English (US)  ðŸ’¬ Master CompTIA Security+ (SY0-701) | Information Security Concepts, Cryptography & Exam Preparation"
238734,2025-09-11T08:39:30+00:00,https://t.me/Udemy_Free_Courses4/238734,CompTIA Security+|SY0-701,"ðŸ“šâœï¸ **CompTIA Security+ (SY0-701) ExÃ¡menes de PrÃ¡ctica 2025**  ðŸ†: **New** â°: ASAP (1000 Enrolls Left) â­ï¸: 5.0/5 ðŸ‘¨â€ðŸŽ“: 646 students ðŸŽ­: IT & Software > IT Certifications ðŸ‘„: Spanish (Spain)  ðŸ’¬ CompTIA Security+ (SY0-701) â€“ 6 ExÃ¡menes de prÃ¡ctica cronometrados, 540 preguntas con explicaciones"
239285,2025-09-13T12:02:16+00:00,https://t.me/Udemy_Free_Courses4/239285,AZ-104,"ðŸ“šâœï¸ **Azure Practice Tests: AZ-900, 104, 204, 305, 500 & AI-102**  â°: ASAP (1000 Enrolls Left) â­ï¸: 4.0/5 ðŸ‘¨â€ðŸŽ“: 2,713 students ðŸŽ­: IT & Software > IT Certifications ðŸ‘„: English (US)  ðŸ’¬ 6 full-length Azure practice tests with 180 questions to help you pass AZ-900, AZ-104, AZ-204, AZ-305, AZ-500 & AI-102"
239330,2025-09-13T19:30:21+00:00,https://t.me/Udemy_Free_Courses4/239330,200-301|CCNA,"ðŸ“šâœï¸ **CCNA 200-301: Networking Essentials Practice Lab Test**  â°: ASAP (999 Enrolls Left) â­ï¸: 3.9/5 ðŸ‘¨â€ðŸŽ“: 3,323 students ðŸŽ­: IT & Software > Network & Security ðŸ‘„: English (US)  ðŸ’¬ Master Networking Concepts with Expertly Crafted Practice Tests. Gain Proficiency in TCP/IP, ACLs, Security, and Automat"
239419,2025-09-14T03:01:26+00:00,https://t.me/Udemy_Free_Courses4/239419,SC-200,"ðŸ“šâœï¸ **SC-200: Microsoft Security Operations Analyst Practice Exams**  ðŸ†: **New** â°: ASAP (999 Enrolls Left) â­ï¸: 0.0/5 ðŸ‘¨â€ðŸŽ“: 841 students ðŸŽ­: IT & Software > IT Certifications ðŸ‘„: English (US)  ðŸ’¬ Up-to-date SC-200 practice tests with detailed explanations, exam tips, and full coverage of all exam domain"
239488,2025-09-14T08:30:33+00:00,https://t.me/Udemy_Free_Courses4/239488,CompTIA Security+|SY0-701,ðŸ“šâœï¸ **CompTIA Security+ (SYO-701) Mock Exam : Latest 2025**  ðŸ†: **New** â°: ASAP (966 Enrolls Left) â­ï¸: 0.0/5 ðŸ‘¨â€ðŸŽ“: 40 students ðŸŽ­: IT & Software > IT Certifications ðŸ‘„: English (US)  ðŸ’¬ Full-length CompTIA Security+ (SY0-701) Practice Exams - Timed * 401 Questions with feedback!
239783,2025-09-15T05:29:58+00:00,https://t.me/Udemy_Free_Courses4/239783,AZ-104,"ðŸ“šâœï¸ **Microsoft Azure: Hands On Training: AZ-900 AZ-104 and AZ-305**  â°: ASAP (993 Enrolls Left) â­ï¸: 4.5/5 ðŸ‘¨â€ðŸŽ“: 73,015 students ðŸŽ­: IT & Software > Other IT & Software ðŸ‘„: English (US)  ðŸ’¬ | 30000+ Happy Students | Master the MS Azure Cloud Computing Platform with Hands-On Labs for AZ-900, AZ-104 and AZ-305"
240588,2025-09-18T16:44:27+00:00,https://t.me/Udemy_Free_Courses4/240588,200-301|CCNA,"ðŸ“šâœï¸ Free CCNA 200-301 Course: Network Fundamentals  â° : FREE â­ï¸ : 4.5/5 ðŸ‘¨â€ðŸŽ“ : 72,011 students ðŸ‘„ : English (US)  ðŸ’¬ Learn about bridges, hubs, switches, routers, firewalls, servers, clients and many other network fundamentals."
240591,2025-09-18T16:44:27+00:00,https://t.me/Udemy_Free_Courses4/240591,200-301|CCNA,"ðŸ“šâœï¸ Free CCNA 200-301: Retro Networking with 10Base5 & 10Base2  â° : FREE â­ï¸ : 4.7/5 ðŸ‘¨â€ðŸŽ“ : 7,731 students ðŸ‘„ : English (US)  ðŸ’¬ See a working Retro Network using 10Base5 and 10Base2. This will help you prepare for your CCNA exam!"
240637,2025-09-18T18:00:14+00:00,https://t.me/Udemy_Free_Courses4/240637,CompTIA Security+|SY0-701,"ðŸ“šâœï¸ **CompTIA Security+ (SY0-701) Practice Tests**  â°: ASAP (998 Enrolls Left) â­ï¸: 4.6/5 ðŸ‘¨â€ðŸŽ“: 18,267 students ðŸŽ­: IT & Software > IT Certifications ðŸ‘„: English (US)  ðŸ’¬ 5 Practice Tests, 450 Questions, Answers and Explanations covering all listed Security+ SY0-701 exam objectives"
240678,2025-09-18T22:00:10+00:00,https://t.me/Udemy_Free_Courses4/240678,200-301|CCNA,"ðŸ“šâœï¸ **Practice exams for the CCNA  200-301 V1.1 (Updated 2025)**  â°: ASAP (999 Enrolls Left) â­ï¸: 3.9/5 ðŸ‘¨â€ðŸŽ“: 5,919 students ðŸŽ­: IT & Software > Network & Security ðŸ‘„: English (US)  ðŸ’¬ Turbocharge Your Networking Career with 1000+ Latest Exam-Aligned Questions!"
240681,2025-09-18T22:00:16+00:00,https://t.me/Udemy_Free_Courses4/240681,SY0-701,"ðŸ“šâœï¸ **Practice exams for the CompTIA SY0-701 certification**  â°: ASAP (999 Enrolls Left) â­ï¸: 4.2/5 ðŸ‘¨â€ðŸŽ“: 4,099 students ðŸŽ­: IT & Software > IT Certifications ðŸ‘„: English (US)  ðŸ’¬ Comprehensive Practice with five Full-Length Mock Exams for Exam Success"
240683,2025-09-18T22:00:21+00:00,https://t.me/Udemy_Free_Courses4/240683,CCNA,"ðŸ“šâœï¸ **Practice exams for the CCNA CyberOps Associate 200-201 v1.1**  â°: ASAP (997 Enrolls Left) â­ï¸: 4.5/5 ðŸ‘¨â€ðŸŽ“: 6,722 students ðŸŽ­: IT & Software > Network & Security ðŸ‘„: English (US)  ðŸ’¬ Skyrocket Your Cyber Defense Skills with 500+ Expert-Crafted Questions!"
241051,2025-09-20T09:00:47+00:00,https://t.me/Udemy_Free_Courses4/241051,AZ-104,"ðŸ“šâœï¸ **AZ 104: Microsoft Azure Administrator Practice Exams**  â°: ASAP (972 Enrolls Left) â­ï¸: 0.0/5 ðŸ‘¨â€ðŸŽ“: 28 students ðŸŽ­: IT & Software > IT Certifications ðŸ‘„: English (US)  ðŸ’¬ High-quality practice exams to boost confidence, identify weak areas, and prepare you for real test success"
241170,2025-09-20T18:30:14+00:00,https://t.me/Udemy_Free_Courses4/241170,AZ-104,"ðŸ“šâœï¸ **AZ-104: Microsoft Azure Administrator Practice Tests - 2025**  ðŸ†: **New** â°: ASAP (996 Enrolls Left) â­ï¸: 5.0/5 ðŸ‘¨â€ðŸŽ“: 2,051 students ðŸŽ­: IT & Software > IT Certifications ðŸ‘„: English (US)  ðŸ’¬ ""Sharpen your skills for Microsoft Azure Administrator (AZ-104) exam with updated practice tests & detail explanations."""
241182,2025-09-20T19:00:29+00:00,https://t.me/Udemy_Free_Courses4/241182,CompTIA Security+|SY0-701,"ðŸ“šâœï¸ **CompTIA Security+ SY0-701: Practice Tests - Updated 2025**  â°: ASAP (997 Enrolls Left) â­ï¸: 4.7/5 ðŸ‘¨â€ðŸŽ“: 2,939 students ðŸŽ­: IT & Software > IT Certifications ðŸ‘„: English (US)  ðŸ’¬ ""Get Exam-Ready with Realistic SY0-701 Practice Tests - Learn from Mistakes & Boost Your Confidence Fast!"""
241202,2025-09-20T20:00:23+00:00,https://t.me/Udemy_Free_Courses4/241202,200-301|CCNA,"ðŸ“šâœï¸ **CCNA 200-301: Networking Essentials Practice Lab Test**  â°: ASAP (998 Enrolls Left) â­ï¸: 3.9/5 ðŸ‘¨â€ðŸŽ“: 3,898 students ðŸŽ­: IT & Software > Network & Security ðŸ‘„: English (US)  ðŸ’¬ Master Networking Concepts with Expertly Crafted Practice Tests. Gain Proficiency in TCP/IP, ACLs, Security, and Automat"
241260,2025-09-21T01:30:16+00:00,https://t.me/Udemy_Free_Courses4/241260,AZ-104,ðŸ“šâœï¸ **Microsoft Azure Administrator AZ-104: Practice Test 2025**  ðŸ†: **New** â°: ASAP (19 Enrolls Left) â­ï¸: 0.0/5 ðŸ‘¨â€ðŸŽ“: 82 students ðŸŽ­: IT & Software > IT Certifications ðŸ‘„: English (US)  ðŸ’¬ Microsoft Azure Administrator Associate Exam AZ-104: Practice Test 2025
241591,2025-09-21T19:59:44+00:00,https://t.me/Udemy_Free_Courses4/241591,CompTIA Security+|SY0-701,"ðŸ“šâœï¸ **CompTIA Security+ (SYO-701) Certification Preparation Test**  â°: ASAP (991 Enrolls Left) â­ï¸: 5.0/5 ðŸ‘¨â€ðŸŽ“: 1,789 students ðŸŽ­: IT & Software > IT Certifications ðŸ‘„: English (US)  ðŸ’¬ Practice Questions with Explanations to Help You Master All CompTIA Security+ SY0-701 Exam Objectives"
241815,2025-09-22T15:00:32+00:00,https://t.me/Udemy_Free_Courses4/241815,CompTIA Security+|SY0-701,"ðŸ“šâœï¸ **CompTIA Security+ (SY0-701) Practice Exams**  â°: ASAP (957 Enrolls Left) â­ï¸: 0.0/5 ðŸ‘¨â€ðŸŽ“: 43 students ðŸŽ­: IT & Software > IT Certifications ðŸ‘„: English (US)  ðŸ’¬ High-quality practice exams to boost confidence, identify weak areas, and prepare you for real test success"
241882,2025-09-23T02:00:28+00:00,https://t.me/Udemy_Free_Courses4/241882,CompTIA Security+|SY0-701,ðŸ“šâœï¸ **CompTIA Security+ (SY0-701) Practice Tests â€“ 5 Full Exams**  ðŸ†: **New** â°: ASAP (993 Enrolls Left) â­ï¸: 0.0/5 ðŸ‘¨â€ðŸŽ“: 7 students ðŸŽ­: IT & Software > IT Certifications ðŸ‘„: English (US)  ðŸ’¬ Test your knowledge with realistic multi-choice and PBQ practice questions across all Security+ domains.
242407,2025-09-25T02:19:10+00:00,https://t.me/Udemy_Free_Courses4/242407,AZ-104,"ðŸ“šâœï¸ **Microsoft Azure: Hands On Training: AZ-900 AZ-104 and AZ-305**  â°: ASAP (956 Enrolls Left) â­ï¸: 4.5/5 ðŸ‘¨â€ðŸŽ“: 73,417 students ðŸŽ­: IT & Software > Other IT & Software ðŸ‘„: English (US)  ðŸ’¬ | 30000+ Happy Students | Master the MS Azure Cloud Computing Platform with Hands-On Labs for AZ-900, AZ-104 and AZ-305"
242511,2025-09-25T10:49:37+00:00,https://t.me/Udemy_Free_Courses4/242511,AZ-104,"ðŸ“šâœï¸ **AZ 104: Microsoft Azure Administrator Practice Exams**  ðŸ†: **New** â°: ASAP (1000 Enrolls Left) â­ï¸: 0.0/5 ðŸ‘¨â€ðŸŽ“: 661 students ðŸŽ­: IT & Software > IT Certifications ðŸ‘„: English (US)  ðŸ’¬ High-quality practice exams to boost confidence, identify weak areas, and prepare you for real test success"
242650,2025-09-26T01:49:26+00:00,https://t.me/Udemy_Free_Courses4/242650,CompTIA Security+|SY0-701,"ðŸ“šâœï¸ **CompTIA Security+ (SY0-701) Practice Tests â€“ 5 Full Exams**  ðŸ†: **New** â°: ASAP (999 Enrolls Left) â­ï¸: 0.0/5 ðŸ‘¨â€ðŸŽ“: 1,001 students ðŸŽ­: IT & Software > IT Certifications ðŸ‘„: English (US)  ðŸ’¬ Test your knowledge with realistic multi-choice and PBQ practice questions across all Security+ domains."
243085,2025-09-27T20:19:42+00:00,https://t.me/Udemy_Free_Courses4/243085,CompTIA Security+|SY0-701,"ðŸ“šâœï¸ **CompTIA Security+ (SY0-701) Practice Tests**  â°: ASAP (999 Enrolls Left) â­ï¸: 4.6/5 ðŸ‘¨â€ðŸŽ“: 18,481 students ðŸŽ­: IT & Software > IT Certifications ðŸ‘„: English (US)  ðŸ’¬ 5 Practice Tests, 450 Questions, Answers and Explanations covering all listed Security+ SY0-701 exam objectives"
243321,2025-09-28T17:19:32+00:00,https://t.me/Udemy_Free_Courses4/243321,CompTIA Security+|SY0-701,"ðŸ“šâœï¸ **CompTIA Security+ (SY0-701) Practice Exams**  ðŸ†: **New** â°: ASAP (994 Enrolls Left) â­ï¸: 0.0/5 ðŸ‘¨â€ðŸŽ“: 816 students ðŸŽ­: IT & Software > IT Certifications ðŸ‘„: English (US)  ðŸ’¬ High-quality practice exams to boost confidence, identify weak areas, and prepare you for real test success"
243476,2025-09-29T08:49:52+00:00,https://t.me/Udemy_Free_Courses4/243476,CompTIA Security+|SY0-701,ðŸ“šâœï¸ **Ultimate CompTIA Security+ SY0-701 Exam**  â°: ASAP (988 Enrolls Left) â­ï¸: 0.0/5 ðŸ‘¨â€ðŸŽ“: 12 students ðŸŽ­: IT & Software > IT Certifications ðŸ‘„: English (US)  ðŸ’¬ Master Cybersecurity Fundamentals and Prepare with Confidence for the CompTIA Security+ SY0-701 Exam.
243655,2025-09-29T23:50:49+00:00,https://t.me/Udemy_Free_Courses4/243655,CompTIA Security+|SY0-701,"ðŸ“šâœï¸ **CompTIA Security+ (SY0-701) Practice Exams**  ðŸ†: **New** â°: ASAP (1000 Enrolls Left) â­ï¸: 0.0/5 ðŸ‘¨â€ðŸŽ“: 1,014 students ðŸŽ­: IT & Software > IT Certifications ðŸ‘„: English (US)  ðŸ’¬ High-quality practice exams to boost confidence, identify weak areas, and prepare you for real test success"
243875,2025-09-30T18:19:22+00:00,https://t.me/Udemy_Free_Courses4/243875,CompTIA Security+|SY0-701,"ðŸ“šâœï¸ **CompTIA Security+ (SYO-701) Certification Preparation Test**  â°: ASAP (999 Enrolls Left) â­ï¸: 5.0/5 ðŸ‘¨â€ðŸŽ“: 2,325 students ðŸŽ­: IT & Software > IT Certifications ðŸ‘„: English (US)  ðŸ’¬ Practice Questions with Explanations to Help You Master All CompTIA Security+ SY0-701 Exam Objectives"
244137,2025-10-01T09:52:40+00:00,https://t.me/Udemy_Free_Courses4/244137,CCNA,"ðŸ“šâœï¸ **Cisco DevNet Associate (CCNA Automation) Practice Exams 2025**  ðŸ†: **New** â°: ASAP (1000 Enrolls Left) â­ï¸: 4.7/5 ðŸ‘¨â€ðŸŽ“: 1,035 students ðŸŽ­: IT & Software > IT Certifications ðŸ‘„: English (US)  ðŸ’¬ Up-to-date DEVASC practice tests with detailed explanations, exam tips, and full coverage of all exam domain"
244149,2025-10-01T09:53:06+00:00,https://t.me/Udemy_Free_Courses4/244149,CCNA,"ðŸ“šâœï¸ **Cisco Certified Network Associate (CCNA) Practice Exams 2025**  ðŸ†: **Hot & New** â°: ASAP (1000 Enrolls Left) â­ï¸: 4.8/5 ðŸ‘¨â€ðŸŽ“: 2,275 students ðŸŽ­: IT & Software > IT Certifications ðŸ‘„: English (US)  ðŸ’¬ Up-to-date CCNA practice tests with detailed explanations, exam tips, and full coverage of all exam domain"
244221,2025-10-01T12:20:48+00:00,https://t.me/Udemy_Free_Courses4/244221,AZ-104,"ðŸ“šâœï¸ **AZ 104: Microsoft Azure Administrator Practice Exams**  ðŸ†: **New** â°: ASAP (1000 Enrolls Left) â­ï¸: 0.0/5 ðŸ‘¨â€ðŸŽ“: 1,347 students ðŸŽ­: IT & Software > IT Certifications ðŸ‘„: English (US)  ðŸ’¬ High-quality practice exams to boost confidence, identify weak areas, and prepare you for real test success"
244222,2025-10-01T12:20:51+00:00,https://t.me/Udemy_Free_Courses4/244222,AZ-104,"ðŸ“šâœï¸ **Microsoft Azure Administrator Complete Course: AZ-104 (2025)**  â°: ASAP (1000 Enrolls Left) â­ï¸: 4.5/5 ðŸ‘¨â€ðŸŽ“: 14,176 students ðŸŽ­: IT & Software > Other IT & Software ðŸ‘„: English (US)  ðŸ’¬ Implement and manage Azure cloud services. Identity management, access control, and security policies"
244452,2025-10-02T01:19:29+00:00,https://t.me/Udemy_Free_Courses4/244452,SY0-701,"ðŸ“šâœï¸ **Practice exams for the CompTIA SY0-701 certification**  â°: ASAP (999 Enrolls Left) â­ï¸: 4.3/5 ðŸ‘¨â€ðŸŽ“: 4,307 students ðŸŽ­: IT & Software > IT Certifications ðŸ‘„: English (US)  ðŸ’¬ Comprehensive Practice with five Full-Length Mock Exams for Exam Success"
244455,2025-10-02T01:19:36+00:00,https://t.me/Udemy_Free_Courses4/244455,CCNA,"ðŸ“šâœï¸ **Practice exams for the CCNA CyberOps Associate 200-201 v1.1**  â°: ASAP (999 Enrolls Left) â­ï¸: 4.4/5 ðŸ‘¨â€ðŸŽ“: 6,920 students ðŸŽ­: IT & Software > Network & Security ðŸ‘„: English (US)  ðŸ’¬ Skyrocket Your Cyber Defense Skills with 500+ Expert-Crafted Questions!"
244458,2025-10-02T01:19:42+00:00,https://t.me/Udemy_Free_Courses4/244458,200-301|CCNA,"ðŸ“šâœï¸ **Practice exams for the CCNA  200-301 V1.1 (Updated 2025)**  â°: ASAP (998 Enrolls Left) â­ï¸: 3.9/5 ðŸ‘¨â€ðŸŽ“: 6,055 students ðŸŽ­: IT & Software > Network & Security ðŸ‘„: English (US)  ðŸ’¬ Turbocharge Your Networking Career with 1000+ Latest Exam-Aligned Questions!"
244643,2025-10-02T10:19:38+00:00,https://t.me/Udemy_Free_Courses4/244643,200-301|CCNA,"ðŸ“šâœï¸ **CCNA 200-301: Networking Essentials Practice Lab Test**  â°: ASAP (998 Enrolls Left) â­ï¸: 3.9/5 ðŸ‘¨â€ðŸŽ“: 4,125 students ðŸŽ­: IT & Software > Network & Security ðŸ‘„: English (US)  ðŸ’¬ Master Networking Concepts with Expertly Crafted Practice Tests. Gain Proficiency in TCP/IP, ACLs, Security, and Automat"
244719,2025-10-02T17:49:21+00:00,https://t.me/Udemy_Free_Courses4/244719,200-301|CCNA,"ðŸ“šâœï¸ **Cisco Certified Network Associate (CCNA) Exams - (200-301)**  â°: ASAP (990 Enrolls Left) â­ï¸: 0.0/5 ðŸ‘¨â€ðŸŽ“: 10 students ðŸŽ­: IT & Software > IT Certifications ðŸ‘„: English (US)  ðŸ’¬ High-quality practice exams to boost confidence, identify weak areas, and prepare you for real test success"
244834,2025-10-03T06:50:50+00:00,https://t.me/Udemy_Free_Courses4/244834,AZ-104,"ðŸ“šâœï¸ **Azure 6in1: AZ-900, AZ-104, AZ-204, AZ-305, AZ-500 & AI-102**  â°: ASAP (999 Enrolls Left) â­ï¸: 4.5/5 ðŸ‘¨â€ðŸŽ“: 2,941 students ðŸŽ­: IT & Software > IT Certifications ðŸ‘„: English (US)  ðŸ’¬ 6 full-length Azure practice tests with 180 questions to help you pass AZ-900, AZ-104, AZ-204, AZ-305, AZ-500 & AI-102"
245297,2025-10-05T01:50:42+00:00,https://t.me/Udemy_Free_Courses4/245297,200-301|CCNA,"ðŸ“šâœï¸ **CISCO | CCNA 200-301**  â°: ASAP (680 Enrolls Left) â­ï¸: 4.3/5 ðŸ‘¨â€ðŸŽ“: 27,513 students ðŸŽ­: IT & Software > Network & Security ðŸ‘„: Spanish (Mexico)  ðŸ’¬ SIMULADOR + 324 PREGUNTAS + 6 EXÃMENES!"
245483,2025-10-05T18:49:17+00:00,https://t.me/Udemy_Free_Courses4/245483,CompTIA Security+|SY0-701,"ðŸ“šâœï¸ **CompTIA Security+ (SYO-701) Certification Preparation Test**  â°: ASAP (994 Enrolls Left) â­ï¸: 5.0/5 ðŸ‘¨â€ðŸŽ“: 2,545 students ðŸŽ­: IT & Software > IT Certifications ðŸ‘„: English (US)  ðŸ’¬ Practice Questions with Explanations to Help You Master All CompTIA Security+ SY0-701 Exam Objectives"
245612,2025-10-06T10:19:41+00:00,https://t.me/Udemy_Free_Courses4/245612,CompTIA Security+|SY0-701,ðŸ“šâœï¸ **Simulaciones de examen CompTIA Security+ (SY0-701) 2025**  ðŸ†: **New** â°: ASAP (93 Enrolls Left) â­ï¸: 0.0/5 ðŸ‘¨â€ðŸŽ“: 7 students ðŸŽ­: IT & Software > IT Certifications ðŸ‘„: Spanish (Spain)  ðŸ’¬ PrepÃ¡rate en ESPAÃ‘OL con preguntas reales y actualizadas para aprobar CompTIA Security+ SY0-701 en 2025 con confianza
245735,2025-10-06T17:50:11+00:00,https://t.me/Udemy_Free_Courses4/245735,AZ-104,"ðŸ“šâœï¸ **AZ 104: Microsoft Azure Administrator Practice Exams**  ðŸ†: **New** â°: ASAP (1000 Enrolls Left) â­ï¸: 4.5/5 ðŸ‘¨â€ðŸŽ“: 1,465 students ðŸŽ­: IT & Software > IT Certifications ðŸ‘„: English (US)  ðŸ’¬ High-quality practice exams to boost confidence, identify weak areas, and prepare you for real test success"
245923,2025-10-07T07:49:59+00:00,https://t.me/Udemy_Free_Courses4/245923,CCNA,"ðŸ“šâœï¸ **Cisco DevNet Associate (CCNA Automation) Practice Exams 2025**  ðŸ†: **New** â°: ASAP (1000 Enrolls Left) â­ï¸: 4.7/5 ðŸ‘¨â€ðŸŽ“: 1,087 students ðŸŽ­: IT & Software > IT Certifications ðŸ‘„: English (US)  ðŸ’¬ Up-to-date DEVASC practice tests with detailed explanations, exam tips, and full coverage of all exam domain"
245932,2025-10-07T07:50:19+00:00,https://t.me/Udemy_Free_Courses4/245932,AZ-104,"ðŸ“šâœï¸ **AZ-104 Azure Administrator Associate Practice Tests 2025**  ðŸ†: **New** â°: ASAP (1000 Enrolls Left) â­ï¸: 3.8/5 ðŸ‘¨â€ðŸŽ“: 1,436 students ðŸŽ­: IT & Software > IT Certifications ðŸ‘„: English (US)  ðŸ’¬ Up-to-date AZ-104 practice tests with detailed explanations, exam tips, and full coverage of all exam domain"
245937,2025-10-07T07:50:30+00:00,https://t.me/Udemy_Free_Courses4/245937,CCNA,"ðŸ“šâœï¸ **Cisco Certified Network Associate (CCNA) Practice Exams 2025**  ðŸ†: **Hot & New** â°: ASAP (1000 Enrolls Left) â­ï¸: 4.8/5 ðŸ‘¨â€ðŸŽ“: 2,366 students ðŸŽ­: IT & Software > IT Certifications ðŸ‘„: English (US)  ðŸ’¬ Up-to-date CCNA practice tests with detailed explanations, exam tips, and full coverage of all exam domain"
246015,2025-10-07T12:19:41+00:00,https://t.me/Udemy_Free_Courses4/246015,CCNA,"ðŸ“šâœï¸ **Cisco Certified Network Associate (CCNA) Certification Test**  â°: ASAP (1000 Enrolls Left) â­ï¸: 4.2/5 ðŸ‘¨â€ðŸŽ“: 1,622 students ðŸŽ­: IT & Software > IT Certifications ðŸ‘„: English (US)  ðŸ’¬ Prepare the Cisco Certified Network Associate (CCNA). 120 unique high-quality test questions with explanations!"
246641,2025-10-09T12:50:21+00:00,https://t.me/Udemy_Free_Courses4/246641,200-301|CCNA,"ðŸ“šâœï¸ **Cisco CCNA 200-301 Practice Test: 1500 Questions**  â°: ASAP (998 Enrolls Left) â­ï¸: 1.2/5 ðŸ‘¨â€ðŸŽ“: 3,186 students ðŸŽ­: IT & Software > Network & Security ðŸ‘„: English (US)  ðŸ’¬ Master network fundamentals, routing, switching, security, wireless, and automation with exam-focused questions"
246937,2025-10-10T10:19:37+00:00,https://t.me/Udemy_Free_Courses4/246937,AZ-104,"ðŸ“šâœï¸ **Microsoft AZ-104: Azure Administrator Exam Prep Test**  â°: ASAP (950 Enrolls Left) â­ï¸: 3.7/5 ðŸ‘¨â€ðŸŽ“: 36,025 students ðŸŽ­: IT & Software > IT Certifications ðŸ‘„: English (US)  ðŸ’¬ Pass AZ-104 Cloud Certification Exam 165Q Practice Set"
247197,2025-10-11T13:49:46+00:00,https://t.me/Udemy_Free_Courses4/247197,CompTIA Security+|SY0-701,"ðŸ“šâœï¸ **CompTIA Security+ (SY0-701) Practice Tests**  â°: ASAP (1000 Enrolls Left) â­ï¸: 4.6/5 ðŸ‘¨â€ðŸŽ“: 18,645 students ðŸŽ­: IT & Software > IT Certifications ðŸ‘„: English (US)  ðŸ’¬ 5 Practice Tests, 450 Questions, Answers and Explanations covering all listed Security+ SY0-701 exam objectives"
247229,2025-10-11T18:49:12+00:00,https://t.me/Udemy_Free_Courses4/247229,CompTIA Security+|SY0-701,"ðŸ“šâœï¸ **CompTIA Security+ (SYO-701) Certification Preparation Test**  â°: ASAP (997 Enrolls Left) â­ï¸: 5.0/5 ðŸ‘¨â€ðŸŽ“: 2,863 students ðŸŽ­: IT & Software > IT Certifications ðŸ‘„: English (US)  ðŸ’¬ Practice Questions with Explanations to Help You Master All CompTIA Security+ SY0-701 Exam Objectives"
247266,2025-10-12T00:49:27+00:00,https://t.me/Udemy_Free_Courses4/247266,CCNA,"ðŸ“šâœï¸ **CCNA Networking Essentials: A Comprehensive Cisco Course**  â°: ASAP (859 Enrolls Left) â­ï¸: 4.5/5 ðŸ‘¨â€ðŸŽ“: 42,060 students ðŸŽ­: IT & Software > IT Certifications ðŸ‘„: English (US)  ðŸ’¬ CCNA Networking: Master TCP/IP, VLANs, Routing Protocols, and Security Fundamentals for Success in IT"
247437,2025-10-12T11:20:04+00:00,https://t.me/Udemy_Free_Courses4/247437,CCNA,"ðŸ“šâœï¸ **Cisco Certified Network Associate (CCNA) Practice Exams 2025**  ðŸ†: **Hot & New** â°: ASAP (1000 Enrolls Left) â­ï¸: 4.8/5 ðŸ‘¨â€ðŸŽ“: 2,504 students ðŸŽ­: IT & Software > IT Certifications ðŸ‘„: English (US)  ðŸ’¬ Up-to-date CCNA practice tests with detailed explanations, exam tips, and full coverage of all exam domain"
247444,2025-10-12T11:20:20+00:00,https://t.me/Udemy_Free_Courses4/247444,CCNA,"ðŸ“šâœï¸ **Cisco DevNet Associate (CCNA Automation) Practice Exams 2025**  ðŸ†: **New** â°: ASAP (1000 Enrolls Left) â­ï¸: 4.7/5 ðŸ‘¨â€ðŸŽ“: 1,181 students ðŸŽ­: IT & Software > IT Certifications ðŸ‘„: English (US)  ðŸ’¬ Up-to-date DEVASC practice tests with detailed explanations, exam tips, and full coverage of all exam domain"
247499,2025-10-12T14:50:45+00:00,https://t.me/Udemy_Free_Courses4/247499,SC-200,ðŸ“šâœï¸ **SC-200: Microsoft Certified Security Operations Analyst**  ðŸ†: **New** â°: ASAP (660 Enrolls Left) â­ï¸: 5.0/5 ðŸ‘¨â€ðŸŽ“: 341 students ðŸŽ­: IT & Software > IT Certifications ðŸ‘„: English (US)  ðŸ’¬ From Basics to Expert: Monitoring Threats in Azure with Sentinel & Defender
247544,2025-10-12T15:21:04+00:00,https://t.me/Udemy_Free_Courses4/247544,200-301|CCNA,"ðŸ“šâœï¸ **Cisco Certified Network Associate (CCNA) Exams - (200-301)**  ðŸ†: **New** â°: ASAP (1000 Enrolls Left) â­ï¸: 4.9/5 ðŸ‘¨â€ðŸŽ“: 701 students ðŸŽ­: IT & Software > IT Certifications ðŸ‘„: English (US)  ðŸ’¬ High-quality practice exams to boost confidence, identify weak areas, and prepare you for real test success"
247579,2025-10-12T15:51:00+00:00,https://t.me/Udemy_Free_Courses4/247579,AZ-104,"ðŸ“šâœï¸ **AZ 104: Microsoft Azure Administrator Practice Exams**  ðŸ†: **New** â°: ASAP (1000 Enrolls Left) â­ï¸: 4.5/5 ðŸ‘¨â€ðŸŽ“: 1,503 students ðŸŽ­: IT & Software > IT Certifications ðŸ‘„: English (US)  ðŸ’¬ High-quality practice exams to boost confidence, identify weak areas, and prepare you for real test success"
247612,2025-10-12T18:19:35+00:00,https://t.me/Udemy_Free_Courses4/247612,CompTIA Security+|SY0-701,"ðŸ“šâœï¸ **CompTIA Security+ SY0-701: Practice Tests - Updated 2025**  â°: ASAP (994 Enrolls Left) â­ï¸: 4.8/5 ðŸ‘¨â€ðŸŽ“: 3,472 students ðŸŽ­: IT & Software > IT Certifications ðŸ‘„: English (US)  ðŸ’¬ ""Get Exam-Ready with Realistic SY0-701 Practice Tests - Learn from Mistakes & Boost Your Confidence Fast!"""
247613,2025-10-12T18:19:38+00:00,https://t.me/Udemy_Free_Courses4/247613,AZ-104,"ðŸ“šâœï¸ **AZ-104: Microsoft Azure Administrator Practice Tests - 2025**  ðŸ†: **New** â°: ASAP (994 Enrolls Left) â­ï¸: 5.0/5 ðŸ‘¨â€ðŸŽ“: 2,610 students ðŸŽ­: IT & Software > IT Certifications ðŸ‘„: English (US)  ðŸ’¬ ""Sharpen your skills for Microsoft Azure Administrator (AZ-104) exam with updated practice tests & detail explanations."""
247714,2025-10-13T05:49:41+00:00,https://t.me/Udemy_Free_Courses4/247714,200-301|CCNA,"ðŸ“šâœï¸ **Cisco CCNA 200-301: Practice Test Exams 2025 â€“ version 1**  â°: ASAP (675 Enrolls Left) â­ï¸: 0.0/5 ðŸ‘¨â€ðŸŽ“: 325 students ðŸŽ­: IT & Software > IT Certifications ðŸ‘„: English (US)  ðŸ’¬ Prepare for Cisco CCNA 200-301 with latest exam questions, 6 practice tests and detailed explanations for 2025 success."
248466,2025-10-15T15:49:39+00:00,https://t.me/Udemy_Free_Courses4/248466,200-301|CCNA,"ðŸ“šâœï¸ **Cisco CCNA 200-301 Practice Test: 1500 Questions**  â°: ASAP (999 Enrolls Left) â­ï¸: 1.7/5 ðŸ‘¨â€ðŸŽ“: 3,308 students ðŸŽ­: IT & Software > Network & Security ðŸ‘„: English (US)  ðŸ’¬ Master network fundamentals, routing, switching, security, wireless, and automation with exam-focused questions"
248474,2025-10-15T16:19:21+00:00,https://t.me/Udemy_Free_Courses4/248474,CCNA,"ðŸ“šâœï¸ **Practice exams for the CCNA CyberOps Associate 200-201 v1.1**  â°: ASAP (1000 Enrolls Left) â­ï¸: 4.4/5 ðŸ‘¨â€ðŸŽ“: 7,011 students ðŸŽ­: IT & Software > Network & Security ðŸ‘„: English (US)  ðŸ’¬ Skyrocket Your Cyber Defense Skills with 500+ Expert-Crafted Questions!"
248475,2025-10-15T16:19:23+00:00,https://t.me/Udemy_Free_Courses4/248475,SY0-701,"ðŸ“šâœï¸ **Practice exams for the CompTIA SY0-701 certification**  â°: ASAP (1000 Enrolls Left) â­ï¸: 4.2/5 ðŸ‘¨â€ðŸŽ“: 4,507 students ðŸŽ­: IT & Software > IT Certifications ðŸ‘„: English (US)  ðŸ’¬ Comprehensive Practice with five Full-Length Mock Exams for Exam Success"
248477,2025-10-15T16:19:27+00:00,https://t.me/Udemy_Free_Courses4/248477,200-301|CCNA,"ðŸ“šâœï¸ **Practice exams for the CCNA  200-301 V1.1 (Updated 2025)**  â°: ASAP (1000 Enrolls Left) â­ï¸: 3.9/5 ðŸ‘¨â€ðŸŽ“: 6,281 students ðŸŽ­: IT & Software > Network & Security ðŸ‘„: English (US)  ðŸ’¬ Turbocharge Your Networking Career with 1000+ Latest Exam-Aligned Questions!"
248637,2025-10-16T09:49:33+00:00,https://t.me/Udemy_Free_Courses4/248637,CompTIA Security+|SY0-701,ðŸ“šâœï¸ **Ultimate CompTIA Security+ SY0-701 Exam**  ðŸ†: **New** â°: ASAP (997 Enrolls Left) â­ï¸: 0.0/5 ðŸ‘¨â€ðŸŽ“: 693 students ðŸŽ­: IT & Software > IT Certifications ðŸ‘„: English (US)  ðŸ’¬ Master Cybersecurity Fundamentals and Prepare with Confidence for the CompTIA Security+ SY0-701 Exam.
248851,2025-10-17T03:19:13+00:00,https://t.me/Udemy_Free_Courses4/248851,AZ-104,"ðŸ“šâœï¸ **Microsoft Azure: Hands On Training: AZ-900 AZ-104 and AZ-305**  â°: ASAP (999 Enrolls Left) â­ï¸: 4.5/5 ðŸ‘¨â€ðŸŽ“: 73,860 students ðŸŽ­: IT & Software > Other IT & Software ðŸ‘„: English (US)  ðŸ’¬ | 30000+ Happy Students | Master the MS Azure Cloud Computing Platform with Hands-On Labs for AZ-900, AZ-104 and AZ-305"
248928,2025-10-17T09:19:25+00:00,https://t.me/Udemy_Free_Courses4/248928,CompTIA Security+|SY0-701,"ðŸ“šâœï¸ **CompTIA Security+ (SY0-701) Practice Exam**  ðŸ†: **New** â°: ASAP (700 Enrolls Left) â­ï¸: 0.0/5 ðŸ‘¨â€ðŸŽ“: 300 students ðŸŽ­: IT & Software > IT Certifications ðŸ‘„: English (US)  ðŸ’¬ Master essential cybersecurity concepts, tools, and best practices for real-world IT security challenges."
248939,2025-10-17T09:49:27+00:00,https://t.me/Udemy_Free_Courses4/248939,SC-200,ðŸ“šâœï¸ **Microsoft Security Operations Analyst (SC-200) | Mock Exams**  â°: ASAP (888 Enrolls Left) â­ï¸: 0.0/5 ðŸ‘¨â€ðŸŽ“: 529 students ðŸŽ­: IT & Software > IT Certifications ðŸ‘„: English (US)  ðŸ’¬ Master SC-200 exam concepts with realistic Microsoft Security Operations Analyst mock tests and detailed answers.
249107,2025-10-18T02:49:15+00:00,https://t.me/Udemy_Free_Courses4/249107,CCNA,"ðŸ“šâœï¸ **CCNA Networking Essentials: A Comprehensive Cisco Course**  â°: ASAP (986 Enrolls Left) â­ï¸: 4.6/5 ðŸ‘¨â€ðŸŽ“: 42,256 students ðŸŽ­: IT & Software > IT Certifications ðŸ‘„: English (US)  ðŸ’¬ CCNA Networking: Master TCP/IP, VLANs, Routing Protocols, and Security Fundamentals for Success in IT"
249576,2025-10-19T18:49:10+00:00,https://t.me/Udemy_Free_Courses4/249576,CompTIA Security+|SY0-701,"ðŸ“šâœï¸ **CompTIA Security+ (SY0-701) Practice Tests**  â°: ASAP (998 Enrolls Left) â­ï¸: 4.6/5 ðŸ‘¨â€ðŸŽ“: 18,771 students ðŸŽ­: IT & Software > IT Certifications ðŸ‘„: English (US)  ðŸ’¬ 5 Practice Tests, 450 Questions, Answers and Explanations covering all listed Security+ SY0-701 exam objectives"
249777,2025-10-20T21:19:41+00:00,https://t.me/Udemy_Free_Courses4/249777,SY0-701,"ðŸ“šâœï¸ **Practice exams for the CompTIA SY0-701 certification**  â°: ASAP (1000 Enrolls Left) â­ï¸: 4.2/5 ðŸ‘¨â€ðŸŽ“: 4,582 students ðŸŽ­: IT & Software > IT Certifications ðŸ‘„: English (US)  ðŸ’¬ Comprehensive Practice with five Full-Length Mock Exams for Exam Success"
249778,2025-10-20T21:19:43+00:00,https://t.me/Udemy_Free_Courses4/249778,200-301|CCNA,"ðŸ“šâœï¸ **Practice exams for the CCNA  200-301 V1.1 (Updated 2025)**  â°: ASAP (1000 Enrolls Left) â­ï¸: 3.9/5 ðŸ‘¨â€ðŸŽ“: 6,364 students ðŸŽ­: IT & Software > Network & Security ðŸ‘„: English (US)  ðŸ’¬ Turbocharge Your Networking Career with 1000+ Latest Exam-Aligned Questions!"
249779,2025-10-20T21:19:45+00:00,https://t.me/Udemy_Free_Courses4/249779,CCNA,"ðŸ“šâœï¸ **Practice exams for the CCNA CyberOps Associate 200-201 v1.1**  â°: ASAP (1000 Enrolls Left) â­ï¸: 4.4/5 ðŸ‘¨â€ðŸŽ“: 7,171 students ðŸŽ­: IT & Software > Network & Security ðŸ‘„: English (US)  ðŸ’¬ Skyrocket Your Cyber Defense Skills with 500+ Expert-Crafted Questions!"
249892,2025-10-21T08:52:03+00:00,https://t.me/Udemy_Free_Courses4/249892,CCNA,ðŸ“šâœï¸ **Cisco Packet Tracer 2025 - Ciscoèªè­‰ï¼ˆCCNA CCNPï¼‰è‡ªå­¸ã€å‚™è€ƒå·¥å…·ç¯‡**  ðŸ†: **New** â°: ASAP (22 Enrolls Left) â­ï¸: 5.0/5 ðŸ‘¨â€ðŸŽ“: 78 students ðŸŽ­: IT & Software > IT Certifications ðŸ‘„: Simplified Chinese (China)  ðŸ’¬ ç¨ç‰¹çš„è¦–è§’è§£æžCPTå·¥å…·çš„ä½¿ç”¨
249966,2025-10-21T16:19:50+00:00,https://t.me/Udemy_Free_Courses4/249966,200-301|CCNA,ðŸ“šâœï¸ **2025 CCNA 200-301 v1.1 All-In-One ä¸€ç«™å¼è§£æ±ºæ–¹æ¡ˆï¼ŒåŠ©æ‚¨é †åˆ©é€šéŽè€ƒè©¦ã€æå‡è·å ´èƒ½åŠ›ï¼**  ðŸ†: **Bestseller** â°: ASAP (15 Enrolls Left) â­ï¸: 5.0/5 ðŸ‘¨â€ðŸŽ“: 642 students ðŸŽ­: IT & Software > IT Certifications ðŸ‘„: Traditional Chinese (Taiwan)  ðŸ’¬ 50å°æ™‚ç²¾ç…‰èª²ç¨‹ï¼Œé€šéŽè©³ç›¡çš„çŸ¥è­˜é»žè¬›è§£ï¼Œå„é¡žæŠ€è¡“å‡ºç¾çš„èƒŒæ™¯ã€é…åˆç›¸é—œæŠ€è¡“çš„å®Œæ•´å¯¦é©—ï¼Œå†çµåˆå¤§é‡çš„èª²ç¨‹é™„ä»¶å…§å®¹ï¼ŒåŠ©åŠ›æ‚¨è€ƒå–CCNAï¼Œæå‡è·å ´ç«¶çˆ­åŠ›ã€‚
250607,2025-10-24T13:19:25+00:00,https://t.me/Udemy_Free_Courses4/250607,CompTIA Security+|SY0-701,"ðŸ“šâœï¸ **Ultimate CompTIA Security+ SY0-701 Exam**  ðŸ†: **New** â°: ASAP (997 Enrolls Left) â­ï¸: 5.0/5 ðŸ‘¨â€ðŸŽ“: 1,027 students ðŸŽ­: IT & Software > IT Certifications ðŸ‘„: English (US)  ðŸ’¬ Master Cybersecurity Fundamentals and Prepare with Confidence for the CompTIA Security+ SY0-701 Exam."
250953,2025-10-25T20:19:52+00:00,https://t.me/Udemy_Free_Courses4/250953,CompTIA Security+|SY0-701,"ðŸ“šâœï¸ **CompTIA Security+ (SY0-701) Practice Tests**  â°: ASAP (999 Enrolls Left) â­ï¸: 4.6/5 ðŸ‘¨â€ðŸŽ“: 18,897 students ðŸŽ­: IT & Software > IT Certifications ðŸ‘„: English (US)  ðŸ’¬ 5 Practice Tests, 450 Questions, Answers and Explanations covering all listed Security+ SY0-701 exam objectives"
252738,2025-11-02T04:19:27+00:00,https://t.me/Udemy_Free_Courses4/252738,200-301|CCNA,"ðŸ“šâœï¸ **Cisco CCNA 200-301: Practice Test Exams 2025 â€“ version 1**  ðŸ†: **New** â°: ASAP (999 Enrolls Left) â­ï¸: 5.0/5 ðŸ‘¨â€ðŸŽ“: 1,004 students ðŸŽ­: IT & Software > IT Certifications ðŸ‘„: English (US)  ðŸ’¬ Prepare for Cisco CCNA 200-301 with latest exam questions, 6 practice tests and detailed explanations for 2025 success."
252740,2025-11-02T04:19:31+00:00,https://t.me/Udemy_Free_Courses4/252740,AZ-104,"ðŸ“šâœï¸ **AZ-104: Microsoft Azure Administrator Practice Tests - 2025**  â°: ASAP (998 Enrolls Left) â­ï¸: 5.0/5 ðŸ‘¨â€ðŸŽ“: 3,225 students ðŸŽ­: IT & Software > IT Certifications ðŸ‘„: English (US)  ðŸ’¬ ""Sharpen your skills for Microsoft Azure Administrator (AZ-104) exam with updated practice tests & detail explanations."""
252746,2025-11-02T04:19:44+00:00,https://t.me/Udemy_Free_Courses4/252746,CompTIA Security+|SY0-701,"ðŸ“šâœï¸ **CompTIA Security+ SY0-701: Practice Tests - Updated 2025**  â°: ASAP (999 Enrolls Left) â­ï¸: 4.8/5 ðŸ‘¨â€ðŸŽ“: 3,987 students ðŸŽ­: IT & Software > IT Certifications ðŸ‘„: English (US)  ðŸ’¬ ""Get Exam-Ready with Realistic SY0-701 Practice Tests - Learn from Mistakes & Boost Your Confidence Fast!"""
253017,2025-11-03T02:19:46+00:00,https://t.me/Udemy_Free_Courses4/253017,AZ-104,"ðŸ“šâœï¸ **Azure 6-in-1 Practice Tests: 1500 Certified Questions**  â°: ASAP (995 Enrolls Left) â­ï¸: 4.5/5 ðŸ‘¨â€ðŸŽ“: 3,194 students ðŸŽ­: IT & Software > IT Certifications ðŸ‘„: English (US)  ðŸ’¬ 6 full-length Azure practice tests with 1500 questions to help you pass AZ-900, AZ-104, AZ-204, AZ-305, AZ-500 & AI-102"
253026,2025-11-03T02:20:05+00:00,https://t.me/Udemy_Free_Courses4/253026,200-301|CCNA,"ðŸ“šâœï¸ **Cisco CCNA 200-301 Practice Test: 1500 Questions**  â°: ASAP (997 Enrolls Left) â­ï¸: 1.7/5 ðŸ‘¨â€ðŸŽ“: 3,503 students ðŸŽ­: IT & Software > Network & Security ðŸ‘„: English (US)  ðŸ’¬ Master network fundamentals, routing, switching, security, wireless, and automation with exam-focused questions"
253238,2025-11-03T12:50:41+00:00,https://t.me/Udemy_Free_Courses4/253238,CompTIA Security+|SY0-701,"ðŸ“šâœï¸ **CompTIA Security+ (SY0-701) Practice Tests â€“ 5 Full Exams**  ðŸ†: **New** â°: ASAP (998 Enrolls Left) â­ï¸: 5.0/5 ðŸ‘¨â€ðŸŽ“: 2,004 students ðŸŽ­: IT & Software > IT Certifications ðŸ‘„: English (US)  ðŸ’¬ Test your knowledge with realistic multi-choice and PBQ practice questions across all Security+ domains."
253507,2025-11-04T06:52:26+00:00,https://t.me/Udemy_Free_Courses4/253507,AZ-104,"ðŸ“šâœï¸ **AZ 104: Microsoft Azure Administrator Practice Exams**  ðŸ†: **New** â°: ASAP (1000 Enrolls Left) â­ï¸: 4.3/5 ðŸ‘¨â€ðŸŽ“: 1,557 students ðŸŽ­: IT & Software > IT Certifications ðŸ‘„: English (US)  ðŸ’¬ High-quality practice exams to boost confidence, identify weak areas, and prepare you for real test success"
253756,2025-11-05T04:27:33+00:00,https://t.me/Udemy_Free_Courses4/253756,200-301|CCNA,ðŸ“šâœï¸ Cisco CCNA 200-301 Part VIII  ðŸ† : New â° : FREE â­ï¸ : 4.8/5 ðŸ‘¨â€ðŸŽ“ : 148 students ðŸ‘„ : English (US)  ðŸ’¬ Mastering Cisco CCNA 200-301: Security topics
254537,2025-11-07T13:34:09+00:00,https://t.me/Udemy_Free_Courses4/254537,200-301|CCNA,"ðŸ“šâœï¸ **CCNA (Cisco Certified Network Associate) Practice Exams 2024**  â°: ASAP (999 Enrolls Left) â­ï¸: 4.2/5 ðŸ‘¨â€ðŸŽ“: 8,973 students ðŸŽ­: IT & Software > IT Certifications ðŸ‘„: English (US)  ðŸ’¬ Cisco CCNA 200-301 Practice Test - Full-length Simulation Questions | Latest Updated AUG 2024 with detail explanation"
254993,2025-11-09T04:31:54+00:00,https://t.me/Udemy_Free_Courses4/254993,CompTIA Security+|SY0-701,"ðŸ“šâœï¸ **CompTIA Security+ (SY0-701) Practice Tests â€“ 5 Full Exams**  ðŸ†: **Highest Rated** â°: ASAP (988 Enrolls Left) â­ï¸: 5.0/5 ðŸ‘¨â€ðŸŽ“: 2,364 students ðŸŽ­: IT & Software > IT Certifications ðŸ‘„: English (US)  ðŸ’¬ Test your knowledge with realistic multi-choice and PBQ practice questions across all Security+ domains."
255027,2025-11-09T07:02:15+00:00,https://t.me/Udemy_Free_Courses4/255027,CompTIA Security+|SY0-701,"ðŸ“šâœï¸ **CompTIA Security+ (SY0-701) Practice Tests**  â°: ASAP (994 Enrolls Left) â­ï¸: 4.6/5 ðŸ‘¨â€ðŸŽ“: 18,999 students ðŸŽ­: IT & Software > IT Certifications ðŸ‘„: English (US)  ðŸ’¬ 5 Practice Tests, 450 Questions, Answers and Explanations covering all listed Security+ SY0-701 exam objectives"
255051,2025-11-09T07:03:26+00:00,https://t.me/Udemy_Free_Courses4/255051,CompTIA Security+|SY0-701,"ðŸ“šâœï¸ **CompTIA Security+ (SY0-701) Practice Exams**  ðŸ†: **New** â°: ASAP (1000 Enrolls Left) â­ï¸: 0.0/5 ðŸ‘¨â€ðŸŽ“: 1,557 students ðŸŽ­: IT & Software > IT Certifications ðŸ‘„: English (US)  ðŸ’¬ High-quality practice exams to boost confidence, identify weak areas, and prepare you for real test success"
255065,2025-11-09T07:32:08+00:00,https://t.me/Udemy_Free_Courses4/255065,AZ-104,"ðŸ“šâœï¸ **AZ 104: Microsoft Azure Administrator Practice Exams**  ðŸ†: **New** â°: ASAP (1000 Enrolls Left) â­ï¸: 4.3/5 ðŸ‘¨â€ðŸŽ“: 1,661 students ðŸŽ­: IT & Software > IT Certifications ðŸ‘„: English (US)  ðŸ’¬ High-quality practice exams to boost confidence, identify weak areas, and prepare you for real test success"
255329,2025-11-10T03:01:17+00:00,https://t.me/Udemy_Free_Courses4/255329,200-301|CCNA,"ðŸ“šâœï¸ **Cisco CCNA 200-301 Practice Test: 1500 Questions**  â°: ASAP (1000 Enrolls Left) â­ï¸: 1.7/5 ðŸ‘¨â€ðŸŽ“: 3,635 students ðŸŽ­: IT & Software > Network & Security ðŸ‘„: English (US)  ðŸ’¬ Master network fundamentals, routing, switching, security, wireless, and automation with exam-focused questions"
255460,2025-11-10T10:23:36+00:00,https://t.me/Udemy_Free_Courses4/255460,CCNA,"ðŸ“šâœï¸ Practical LAB:: Cisco Packet Tracer Basics for IT Engineers!  ðŸ† : New â° : FREE â­ï¸ : 4.8/5 ðŸ‘¨â€ðŸŽ“ : 360 students ðŸ‘„ : English (US)  ðŸ’¬ Network Administration:: Lab-based intro for IT, network, system & cloud engineers with CCNA/CCNP prerequisite knowledge"
255543,2025-11-10T20:01:57+00:00,https://t.me/Udemy_Free_Courses4/255543,SC-200,ðŸ“šâœï¸ **SC-200 Microsoft Security Operations Analyst Course 2025**  â°: ASAP (51 Enrolls Left) â­ï¸: 4.4/5 ðŸ‘¨â€ðŸŽ“: 71 students ðŸŽ­: IT & Software > IT Certifications ðŸ‘„: English (US)  ðŸ’¬ 7+ REAL End-to-End Azure Security Analyst IT Projects | 150+ High-Quality Practice Questions with VIDEO Explanation !
256148,2025-11-12T18:39:03+00:00,https://t.me/Udemy_Free_Courses4/256148,CCNA,"ðŸ“šâœï¸ **CCNA Networking Essentials: A Comprehensive Cisco Course**  â°: ASAP (633 Enrolls Left) â­ï¸: 4.5/5 ðŸ‘¨â€ðŸŽ“: 43,529 students ðŸŽ­: IT & Software > IT Certifications ðŸ‘„: English (US)  ðŸ’¬ CCNA Networking: Master TCP/IP, VLANs, Routing Protocols, and Security Fundamentals for Success in IT"
256289,2025-11-13T08:09:22+00:00,https://t.me/Udemy_Free_Courses4/256289,AZ-104,"ðŸ“šâœï¸ **AZ-104: Microsoft Azure Administrator Practice Tests - 2025**  â°: ASAP (997 Enrolls Left) â­ï¸: 5.0/5 ðŸ‘¨â€ðŸŽ“: 3,493 students ðŸŽ­: IT & Software > IT Certifications ðŸ‘„: English (US)  ðŸ’¬ ""Sharpen your skills for Microsoft Azure Administrator (AZ-104) exam with updated practice tests & detail explanations."""
256295,2025-11-13T08:09:30+00:00,https://t.me/Udemy_Free_Courses4/256295,200-301|CCNA,"ðŸ“šâœï¸ **Cisco CCNA 200-301: Practice Test Exams 2025 â€“ version 1**  ðŸ†: **New** â°: ASAP (995 Enrolls Left) â­ï¸: 5.0/5 ðŸ‘¨â€ðŸŽ“: 1,413 students ðŸŽ­: IT & Software > IT Certifications ðŸ‘„: English (US)  ðŸ’¬ Prepare for Cisco CCNA 200-301 with latest exam questions, 6 practice tests and detailed explanations for 2025 success."
256307,2025-11-13T08:10:25+00:00,https://t.me/Udemy_Free_Courses4/256307,CompTIA Security+|SY0-701,"ðŸ“šâœï¸ **CompTIA Security+ SY0-701: Practice Tests - Updated 2025**  â°: ASAP (992 Enrolls Left) â­ï¸: 4.8/5 ðŸ‘¨â€ðŸŽ“: 4,213 students ðŸŽ­: IT & Software > IT Certifications ðŸ‘„: English (US)  ðŸ’¬ ""Get Exam-Ready with Realistic SY0-701 Practice Tests - Learn from Mistakes & Boost Your Confidence Fast!"""
256477,2025-11-14T07:11:48+00:00,https://t.me/Udemy_Free_Courses4/256477,AZ-104,"ðŸ“šâœï¸ **AZ 104: Microsoft Azure Administrator Practice Exams**  ðŸ†: **New** â°: ASAP (999 Enrolls Left) â­ï¸: 4.3/5 ðŸ‘¨â€ðŸŽ“: 1,757 students ðŸŽ­: IT & Software > IT Certifications ðŸ‘„: English (US)  ðŸ’¬ High-quality practice exams to boost confidence, identify weak areas, and prepare you for real test success"
256811,2025-11-15T05:11:20+00:00,https://t.me/Udemy_Free_Courses4/256811,CompTIA Security+|SY0-701,"ðŸ“šâœï¸ **CompTIA Security+ (SY0-701) Practice Tests**  â°: ASAP (999 Enrolls Left) â­ï¸: 4.6/5 ðŸ‘¨â€ðŸŽ“: 19,133 students ðŸŽ­: IT & Software > IT Certifications ðŸ‘„: English (US)  ðŸ’¬ 5 Practice Tests, 450 Questions, Answers and Explanations covering all listed Security+ SY0-701 exam objectives"
257111,2025-11-16T12:11:20+00:00,https://t.me/Udemy_Free_Courses4/257111,CompTIA Security+|SY0-701,"ðŸ“šâœï¸ **Ultimate CompTIA Security+ SY0-701 Exam**  ðŸ†: **New** â°: ASAP (998 Enrolls Left) â­ï¸: 4.7/5 ðŸ‘¨â€ðŸŽ“: 1,279 students ðŸŽ­: IT & Software > IT Certifications ðŸ‘„: English (US)  ðŸ’¬ Master Cybersecurity Fundamentals and Prepare with Confidence for the CompTIA Security+ SY0-701 Exam."
257344,2025-11-17T12:14:36+00:00,https://t.me/Udemy_Free_Courses4/257344,CompTIA Security+,ðŸ“šâœï¸ **6 Practice Exams | CompTIA Security+ Certification**  â°: ASAP (982 Enrolls Left) â­ï¸: 0.0/5 ðŸ‘¨â€ðŸŽ“: 18 students ðŸŽ­: IT & Software > IT Certifications ðŸ‘„: English (US)  ðŸ’¬ Prepare the CompTIA Security+ Certification 1500 unique high-quality test questions with detailed explanations!
257548,2025-11-18T10:41:17+00:00,https://t.me/Udemy_Free_Courses4/257548,CCNA,ðŸ“šâœï¸ **6 Practice Exams | CCNA (Cisco Certified Network Associate)**  â°: ASAP (976 Enrolls Left) â­ï¸: 0.0/5 ðŸ‘¨â€ðŸŽ“: 24 students ðŸŽ­: IT & Software > IT Certifications ðŸ‘„: English (US)  ðŸ’¬ Prepare the CCNA (Cisco Certified Network Associate) 1500 unique high-quality test questions with detailed explanations!
257605,2025-11-18T18:41:15+00:00,https://t.me/Udemy_Free_Courses4/257605,200-301|CCNA,"ðŸ“šâœï¸ **Practice exams for the CCNA  200-301 V1.1 (Updated 2025)**  â°: ASAP (999 Enrolls Left) â­ï¸: 3.9/5 ðŸ‘¨â€ðŸŽ“: 6,467 students ðŸŽ­: IT & Software > Network & Security ðŸ‘„: English (US)  ðŸ’¬ Turbocharge Your Networking Career with 1000+ Latest Exam-Aligned Questions!"
257608,2025-11-18T18:41:21+00:00,https://t.me/Udemy_Free_Courses4/257608,CCNA,"ðŸ“šâœï¸ **Practice exams for the CCNA CyberOps Associate 200-201 v1.1**  â°: ASAP (999 Enrolls Left) â­ï¸: 4.4/5 ðŸ‘¨â€ðŸŽ“: 7,307 students ðŸŽ­: IT & Software > Network & Security ðŸ‘„: English (US)  ðŸ’¬ Skyrocket Your Cyber Defense Skills with 500+ Expert-Crafted Questions!"
257613,2025-11-18T18:41:27+00:00,https://t.me/Udemy_Free_Courses4/257613,SY0-701,"ðŸ“šâœï¸ **Practice exams for the CompTIA SY0-701 certification**  â°: ASAP (999 Enrolls Left) â­ï¸: 4.2/5 ðŸ‘¨â€ðŸŽ“: 4,655 students ðŸŽ­: IT & Software > IT Certifications ðŸ‘„: English (US)  ðŸ’¬ Comprehensive Practice with five Full-Length Mock Exams for Exam Success"
257668,2025-11-19T03:10:50+00:00,https://t.me/Udemy_Free_Courses4/257668,AZ-104,"ðŸ“šâœï¸ **Microsoft Azure: Hands On Training: AZ-900 AZ-104 and AZ-305**  â°: ASAP (1000 Enrolls Left) â­ï¸: 4.6/5 ðŸ‘¨â€ðŸŽ“: 74,289 students ðŸŽ­: IT & Software > Other IT & Software ðŸ‘„: English (US)  ðŸ’¬ | 30000+ Happy Students | Master the MS Azure Cloud Computing Platform with Hands-On Labs for AZ-900, AZ-104 and AZ-305"
257876,2025-11-19T15:12:01+00:00,https://t.me/Udemy_Free_Courses4/257876,AZ-104,ðŸ“šâœï¸ **AZ-104 Microsoft Azure Administrator Practice Exam - 2025**  â°: ASAP (996 Enrolls Left) â­ï¸: 3.6/5 ðŸ‘¨â€ðŸŽ“: 658 students ðŸŽ­: IT & Software > IT Certifications ðŸ‘„: English (US)  ðŸ’¬ Pass the AZ-104 Certification Exam with Real Exam-Level Questions and Practice Tests
258028,2025-11-20T08:11:03+00:00,https://t.me/Udemy_Free_Courses4/258028,AZ-104,"ðŸ“šâœï¸ **Microsoft Azure Administrator Complete Course: AZ-104 (2025)**  â°: ASAP (986 Enrolls Left) â­ï¸: 4.6/5 ðŸ‘¨â€ðŸŽ“: 14,895 students ðŸŽ­: IT & Software > Other IT & Software ðŸ‘„: English (US)  ðŸ’¬ Implement and manage Azure cloud services. Identity management, access control, and security policies"
258096,2025-11-20T14:12:03+00:00,https://t.me/Udemy_Free_Courses4/258096,200-301|CCNA,"ðŸ“šâœï¸ **CCNA (Cisco Certified Network Associate) Practice Exams 2024**  â°: ASAP (1000 Enrolls Left) â­ï¸: 4.3/5 ðŸ‘¨â€ðŸŽ“: 9,126 students ðŸŽ­: IT & Software > IT Certifications ðŸ‘„: English (US)  ðŸ’¬ Cisco CCNA 200-301 Practice Test - Full-length Simulation Questions | Latest Updated AUG 2024 with detail explanation"
258485,2025-11-22T01:11:04+00:00,https://t.me/Udemy_Free_Courses4/258485,200-301|CCNA,"ðŸ“šâœï¸ **Cisco CCNA 200-301 Practice Test: 1500 Questions**  â°: ASAP (997 Enrolls Left) â­ï¸: 1.8/5 ðŸ‘¨â€ðŸŽ“: 3,813 students ðŸŽ­: IT & Software > Network & Security ðŸ‘„: English (US)  ðŸ’¬ Master network fundamentals, routing, switching, security, wireless, and automation with exam-focused questions"
258574,2025-11-22T08:41:11+00:00,https://t.me/Udemy_Free_Courses4/258574,CompTIA Security+|SY0-701,"ðŸ“šâœï¸ **CompTIA Security+ (SY0-701) Practice Tests**  â°: ASAP (998 Enrolls Left) â­ï¸: 4.7/5 ðŸ‘¨â€ðŸŽ“: 19,237 students ðŸŽ­: IT & Software > IT Certifications ðŸ‘„: English (US)  ðŸ’¬ 5 Practice Tests, 450 Questions, Answers and Explanations covering all listed Security+ SY0-701 exam objectives"
258755,2025-11-23T03:10:44+00:00,https://t.me/Udemy_Free_Courses4/258755,CCNA,"ðŸ“šâœï¸ **CCNA Networking Essentials: A Comprehensive Cisco Course**  â°: ASAP (737 Enrolls Left) â­ï¸: 4.6/5 ðŸ‘¨â€ðŸŽ“: 43,961 students ðŸŽ­: IT & Software > IT Certifications ðŸ‘„: English (US)  ðŸ’¬ CCNA Networking: Master TCP/IP, VLANs, Routing Protocols, and Security Fundamentals for Success in IT"
258822,2025-11-23T10:11:04+00:00,https://t.me/Udemy_Free_Courses4/258822,AZ-104,"ðŸ“šâœï¸ **AZ-104 Azure Administrator Test â€” 1500 Certified Questions**  â°: ASAP (971 Enrolls Left) â­ï¸: 0.0/5 ðŸ‘¨â€ðŸŽ“: 29 students ðŸŽ­: IT & Software > IT Certifications ðŸ‘„: English (US)  ðŸ’¬ 6 sections Ã— 250 AZ-104 questions on identities, storage, compute, networking, security and monitoring"
258847,2025-11-23T16:41:19+00:00,https://t.me/Udemy_Free_Courses4/258847,AZ-104,"ðŸ“šâœï¸ **Microsoft Azure Administrator Complete Course: AZ-104 (2025)**  â°: ASAP (993 Enrolls Left) â­ï¸: 4.5/5 ðŸ‘¨â€ðŸŽ“: 15,897 students ðŸŽ­: IT & Software > Other IT & Software ðŸ‘„: English (US)  ðŸ’¬ Implement and manage Azure cloud services. Identity management, access control, and security policies"
258934,2025-11-24T07:11:12+00:00,https://t.me/Udemy_Free_Courses4/258934,SY0-701,"ðŸ“šâœï¸ **Practice exams for the CompTIA SY0-701 certification**  â°: ASAP (998 Enrolls Left) â­ï¸: 4.2/5 ðŸ‘¨â€ðŸŽ“: 4,758 students ðŸŽ­: IT & Software > IT Certifications ðŸ‘„: English (US)  ðŸ’¬ Comprehensive Practice with five Full-Length Mock Exams for Exam Success"
258935,2025-11-24T07:11:13+00:00,https://t.me/Udemy_Free_Courses4/258935,200-301|CCNA,"ðŸ“šâœï¸ **Practice exams for the CCNA  200-301 V1.1 (Updated 2025)**  â°: ASAP (998 Enrolls Left) â­ï¸: 3.9/5 ðŸ‘¨â€ðŸŽ“: 6,600 students ðŸŽ­: IT & Software > Network & Security ðŸ‘„: English (US)  ðŸ’¬ Turbocharge Your Networking Career with 1000+ Latest Exam-Aligned Questions!"
258938,2025-11-24T07:11:18+00:00,https://t.me/Udemy_Free_Courses4/258938,CCNA,"ðŸ“šâœï¸ **Practice exams for the CCNA CyberOps Associate 200-201 v1.1**  â°: ASAP (998 Enrolls Left) â­ï¸: 4.4/5 ðŸ‘¨â€ðŸŽ“: 7,415 students ðŸŽ­: IT & Software > Network & Security ðŸ‘„: English (US)  ðŸ’¬ Skyrocket Your Cyber Defense Skills with 500+ Expert-Crafted Questions!"
259212,2025-11-25T01:11:20+00:00,https://t.me/Udemy_Free_Courses4/259212,SC-200,"ðŸ“šâœï¸ **SC-200 Security Operations Analyst: 1500 Certified Questions**  â°: ASAP (981 Enrolls Left) â­ï¸: 0.0/5 ðŸ‘¨â€ðŸŽ“: 19 students ðŸŽ­: IT & Software > IT Certifications ðŸ‘„: English (US)  ðŸ’¬ Master threat detection, response automation, and Microsoft Defender XDR â€” secure endpoints, identities & cloud"
259405,2025-11-25T17:41:26+00:00,https://t.me/Udemy_Free_Courses4/259405,AZ-104,"ðŸ“šâœï¸ **AZ-104: Microsoft Azure Administrator Practice Tests - 2025**  â°: ASAP (991 Enrolls Left) â­ï¸: 5.0/5 ðŸ‘¨â€ðŸŽ“: 3,746 students ðŸŽ­: IT & Software > IT Certifications ðŸ‘„: English (US)  ðŸ’¬ ""Sharpen your skills for Microsoft Azure Administrator (AZ-104) exam with updated practice tests & detail explanations."""
259739,2025-11-27T09:42:18+00:00,https://t.me/Udemy_Free_Courses4/259739,AZ-104,"ðŸ“šâœï¸ **Microsoft Azure Administrator Complete Course: AZ-104 (2025)**  â°: ASAP (1000 Enrolls Left) â­ï¸: 4.6/5 ðŸ‘¨â€ðŸŽ“: 16,903 students ðŸŽ­: IT & Software > Other IT & Software ðŸ‘„: English (US)  ðŸ’¬ Implement and manage Azure cloud services. Identity management, access control, and security policies"
260013,2025-11-28T13:10:42+00:00,https://t.me/Udemy_Free_Courses4/260013,CompTIA Security+|SY0-701,"ðŸ“šâœï¸ **CompTIA Security+ SY0-701 â€” 1500 Certified Questions**  â°: ASAP (972 Enrolls Left) â­ï¸: 0.0/5 ðŸ‘¨â€ðŸŽ“: 28 students ðŸŽ­: IT & Software > Network & Security ðŸ‘„: English (US)  ðŸ’¬ Covers threats, access control, cryptography, cyber defense and risk management"
260283,2025-11-29T11:41:09+00:00,https://t.me/Udemy_Free_Courses4/260283,SY0-701,"ðŸ“šâœï¸ **Practice exams for the CompTIA SY0-701 certification**  â°: ASAP (1000 Enrolls Left) â­ï¸: 4.2/5 ðŸ‘¨â€ðŸŽ“: 4,895 students ðŸŽ­: IT & Software > IT Certifications ðŸ‘„: English (US)  ðŸ’¬ Comprehensive Practice with five Full-Length Mock Exams for Exam Success"
260288,2025-11-29T11:41:15+00:00,https://t.me/Udemy_Free_Courses4/260288,CCNA,"ðŸ“šâœï¸ **Practice exams for the CCNA CyberOps Associate 200-201 v1.1**  â°: ASAP (1000 Enrolls Left) â­ï¸: 4.4/5 ðŸ‘¨â€ðŸŽ“: 7,511 students ðŸŽ­: IT & Software > Network & Security ðŸ‘„: English (US)  ðŸ’¬ Skyrocket Your Cyber Defense Skills with 500+ Expert-Crafted Questions!"
260292,2025-11-29T11:41:21+00:00,https://t.me/Udemy_Free_Courses4/260292,200-301|CCNA,"ðŸ“šâœï¸ **Practice exams for the CCNA  200-301 V1.1 (Updated 2025)**  â°: ASAP (1000 Enrolls Left) â­ï¸: 3.9/5 ðŸ‘¨â€ðŸŽ“: 6,676 students ðŸŽ­: IT & Software > Network & Security ðŸ‘„: English (US)  ðŸ’¬ Turbocharge Your Networking Career with 1000+ Latest Exam-Aligned Questions!"
260454,2025-11-30T10:58:42+00:00,https://t.me/Udemy_Free_Courses4/260454,CompTIA Security+|SY0-701,**Title**: Ultimate CompTIA Security+ SY0-701 Exam **Language**: English (US)  **Headline**: __Master Cybersecurity Fundamentals and Prepare with Confidence for the CompTIA Security+ SY0-701 Exam.__  **Category**: [IT & Software](https://m.forasm.com/it-and-software) > [IT Certifications](https://m.forasm.com/it-and-software/it-certification)
260520,2025-11-30T15:09:34+00:00,https://t.me/Udemy_Free_Courses4/260520,CCNA,"**Title**: Ultimate IP Addressing Course: CCNA, CCNP, CCIE Level Skills **Language**: English (US)  **Headline**: __Real-World IP Addressing Skills â€” Subnetting, IPv6 & Cisco Exam Preparation.__  **Category**: [IT & Software](https://m.forasm.com/it-and-software) > [Network & Security](https://m.forasm.com/it-and-software/network-and-security)"
260722,2025-12-01T07:13:37+00:00,https://t.me/Udemy_Free_Courses4/260722,200-301|CCNA,"**Title**: CCNA 200-301 Cisco Networking Basic to Troubleshoot Pro **Language**: English (US)  **Headline**: __Master Networking Fundamentals, IP Connectivity, Security, Troubleshooting Skills for CCNA 200-301 Certification Success__  **Category**: [IT & Software](https://m.forasm.com/it-and-software) > [Network & Security](https://m.forasm.com/it-and-software/network-and-security)"
260835,2025-12-01T11:12:31+00:00,https://t.me/Udemy_Free_Courses4/260835,AZ-104,"**Title**: AZ 104: Microsoft Azure Administrator Practice Exams **Language**: English (US)  **Headline**: __High-quality practice exams to boost confidence, identify weak areas, and prepare you for real test success__  **Category**: [IT & Software](https://m.forasm.com/it-and-software) > [IT Certifications](https://m.forasm.com/it-and-software/it-certification)"
261006,2025-12-02T00:25:16+00:00,https://t.me/Udemy_Free_Courses4/261006,200-301|CCNA,**Title**: Practice exams for the CCNA  200-301 V1.1 (Updated 2025) **Language**: English (US)  **Headline**: __Turbocharge Your Networking Career with 1000+ Latest Exam-Aligned Questions!__  **Category**: [IT & Software](https://m.forasm.com/it-and-software) > [Network & Security](https://m.forasm.com/it-and-software/network-and-security)
261007,2025-12-02T00:25:18+00:00,https://t.me/Udemy_Free_Courses4/261007,SY0-701,**Title**: Practice exams for the CompTIA SY0-701 certification **Language**: English (US)  **Headline**: __Comprehensive Practice with five Full-Length Mock Exams for Exam Success__  **Category**: [IT & Software](https://m.forasm.com/it-and-software) > [IT Certifications](https://m.forasm.com/it-and-software/it-certification)
261014,2025-12-02T00:26:05+00:00,https://t.me/Udemy_Free_Courses4/261014,CCNA,**Title**: Practice exams for the CCNA CyberOps Associate 200-201 v1.1 **Language**: English (US)  **Headline**: __Skyrocket Your Cyber Defense Skills with 500+ Expert-Crafted Questions!__  **Category**: [IT & Software](https://m.forasm.com/it-and-software) > [Network & Security](https://m.forasm.com/it-and-software/network-and-security)
261567,2025-12-03T14:26:11+00:00,https://t.me/Udemy_Free_Courses4/261567,200-301|CCNA,**Title**: CCNA (Cisco Certified Network Associate) Practice Exams 2024 **Language**: English (US)  **Headline**: __Cisco CCNA 200-301 Practice Test - Full-length Simulation Questions | Latest Updated AUG 2024 with detail explanation__  **Category**: [IT & Software](https://m.forasm.com/it-and-software) > [IT Certifications](https://m.forasm.com/it-and-software/it-certification)
262420,2025-12-07T09:55:04+00:00,https://t.me/Udemy_Free_Courses4/262420,AZ-104,"**Title**: AZ 104: Microsoft Azure Administrator Practice Exams **Language**: English (US)  **Headline**: __High-quality practice exams to boost confidence, identify weak areas, and prepare you for real test success__  **Category**: [IT & Software](https://m.forasm.com/it-and-software) > [IT Certifications](https://m.forasm.com/it-and-software/it-certification)"
262719,2025-12-07T22:24:57+00:00,https://t.me/Udemy_Free_Courses4/262719,CCNA,**Title**: Practice exams for the CCNA CyberOps Associate 200-201 v1.1 **Language**: English (US)  **Headline**: __Skyrocket Your Cyber Defense Skills with 500+ Expert-Crafted Questions!__  **Category**: [IT & Software](https://m.forasm.com/it-and-software) > [Network & Security](https://m.forasm.com/it-and-software/network-and-security)
262720,2025-12-07T22:25:19+00:00,https://t.me/Udemy_Free_Courses4/262720,SY0-701,**Title**: Practice exams for the CompTIA SY0-701 certification **Language**: English (US)  **Headline**: __Comprehensive Practice with five Full-Length Mock Exams for Exam Success__  **Category**: [IT & Software](https://m.forasm.com/it-and-software) > [IT Certifications](https://m.forasm.com/it-and-software/it-certification)
262725,2025-12-07T22:25:55+00:00,https://t.me/Udemy_Free_Courses4/262725,200-301|CCNA,**Title**: Practice exams for the CCNA  200-301 V1.1 (Updated 2025) **Language**: English (US)  **Headline**: __Turbocharge Your Networking Career with 1000+ Latest Exam-Aligned Questions!__  **Category**: [IT & Software](https://m.forasm.com/it-and-software) > [Network & Security](https://m.forasm.com/it-and-software/network-and-security)
262743,2025-12-08T02:55:16+00:00,https://t.me/Udemy_Free_Courses4/262743,AZ-104,"**Title**: Microsoft Azure: Hands On Training: AZ-900 AZ-104 and AZ-305 **Language**: English (US)  **Headline**: __| 30000+ Happy Students | Master the MS Azure Cloud Computing Platform with Hands-On Labs for AZ-900, AZ-104 and AZ-305__  **Category**: [IT & Software](https://m.forasm.com/it-and-software) > [Other IT & Software](https://m.forasm.com/it-and-software/other-it-and-software)"
263666,2025-12-11T10:25:52+00:00,https://t.me/Udemy_Free_Courses4/263666,AZ-104,"**Title**: Microsoft Azure Administrator Complete Course: AZ-104 (2025) **Language**: English (US)  **Headline**: __Implement and manage Azure cloud services. Identity management, access control, and security policies__  **Category**: [IT & Software](https://m.forasm.com/it-and-software) > [Other IT & Software](https://m.forasm.com/it-and-software/other-it-and-software)"
264153,2025-12-13T05:55:57+00:00,https://t.me/Udemy_Free_Courses4/264153,CompTIA Security+|SY0-701,"**Title**: CompTIA Security+ (SY0-701) Practice Tests **Language**: English (US)  **Headline**: __5 Practice Tests, 450 Questions, Answers and Explanations covering all listed Security+ SY0-701 exam objectives__  **Category**: [IT & Software](https://m.forasm.com/it-and-software) > [IT Certifications](https://m.forasm.com/it-and-software/it-certification)"
264403,2025-12-13T20:25:41+00:00,https://t.me/Udemy_Free_Courses4/264403,AZ-104,"**Title**: AZ 104: Microsoft Azure Administrator Practice Exams **Language**: English (US)  **Headline**: __High-quality practice exams to boost confidence, identify weak areas, and prepare you for real test success__  **Category**: [IT & Software](https://m.forasm.com/it-and-software) > [IT Certifications](https://m.forasm.com/it-and-software/it-certification)"
264426,2025-12-13T20:27:24+00:00,https://t.me/Udemy_Free_Courses4/264426,AZ-104,"**Title**: Azure Practice Tests 6-in-1: 1500 Certified Exam Questions **Language**: English (US)  **Headline**: __6 full-length Azure practice tests with 1500 questions to help you pass AZ-900, AZ-104, AZ-204, AZ-305, AZ-500 & AI-102__  **Category**: [IT & Software](https://m.forasm.com/it-and-software) > [IT Certifications](https://m.forasm.com/it-and-software/it-certification)"
264429,2025-12-13T21:25:33+00:00,https://t.me/Udemy_Free_Courses4/264429,AZ-104,"**Title**: AZ-104 â€” Practice Test: 1500 Certified Exam Questions **Language**: English (US)  **Headline**: __6 sections Ã— 250 AZ-104 questions on identities, storage, compute, networking, security and monitoring__  **Category**: [IT & Software](https://m.forasm.com/it-and-software) > [IT Certifications](https://m.forasm.com/it-and-software/it-certification)"
264512,2025-12-14T03:56:14+00:00,https://t.me/Udemy_Free_Courses4/264512,200-301|CCNA,**Title**: CCNA (Cisco Certified Network Associate) Practice Exams 2024 **Language**: English (US)  **Headline**: __Cisco CCNA 200-301 Practice Test - Full-length Simulation Questions | Latest Updated AUG 2024 with detail explanation__  **Category**: [IT & Software](https://m.forasm.com/it-and-software) > [IT Certifications](https://m.forasm.com/it-and-software/it-certification)
264867,2025-12-15T09:55:09+00:00,https://t.me/Udemy_Free_Courses4/264867,CCNA,"**Title**: Complete Networking Fundamentalsâ€“100% Job & Placement Course **Language**: English (US)  **Headline**: __Master networking basics and prepare for CCNA certification, campus placements, and IT job roles with this all-in-one co__  **Category**: [IT & Software](https://m.forasm.com/it-and-software) > [Network & Security](https://m.forasm.com/it-and-software/network-and-security)"
265209,2025-12-16T18:55:02+00:00,https://t.me/Udemy_Free_Courses4/265209,200-301|CCNA,"**Title**: Cisco CCNA 200-301: Practice Test Exams 2025 â€“ version 1 **Language**: English (US)  **Headline**: __Prepare for Cisco CCNA 200-301 with latest exam questions, 6 practice tests and detailed explanations for 2025 success.__  **Category**: [IT & Software](https://m.forasm.com/it-and-software) > [IT Certifications](https://m.forasm.com/it-and-software/it-certification)"
265219,2025-12-16T18:56:16+00:00,https://t.me/Udemy_Free_Courses4/265219,AZ-104,"**Title**: AZ-104: Microsoft Azure Administrator Practice Tests - 2025 **Language**: English (US)  **Headline**: __""Sharpen your skills for Microsoft Azure Administrator (AZ-104) exam with updated practice tests & detail explanations.""__  **Category**: [IT & Software](https://m.forasm.com/it-and-software) > [IT Certifications](https://m.forasm.com/it-and-software/it-certification)"
265581,2025-12-17T15:26:18+00:00,https://t.me/Udemy_Free_Courses4/265581,200-301|CCNA,**Title**: CCNA (Cisco Certified Network Associate) Practice Exams 2024 **Language**: English (US)  **Headline**: __Cisco CCNA 200-301 Practice Test - Full-length Simulation Questions | Latest Updated AUG 2024 with detail explanation__  **Category**: [IT & Software](https://m.forasm.com/it-and-software) > [IT Certifications](https://m.forasm.com/it-and-software/it-certification)
266586,2025-12-21T15:26:30+00:00,https://t.me/Udemy_Free_Courses4/266586,200-301|CCNA,**Title**: Cisco Certified Network Associate (200-301) Practice | 2024 **Language**: English (US)  **Headline**: __Cisco Certified Network Associate (CCNA 200-301)  |  6 Full Tests hep you to pass an exam | Latest 2024 Question Bank__  **Category**: [IT & Software](https://m.forasm.com/it-and-software) > [IT Certifications](https://m.forasm.com/it-and-software/it-certification)
267037,2025-12-23T07:25:35+00:00,https://t.me/Udemy_Free_Courses4/267037,200-301|CCNA,"**Title**: CISCO CCNA 200-301 â”€ Exam Test: 1500 Certified Questions **Language**: English (US)  **Headline**: __Master network fundamentals, routing, switching, security, wireless, and automation with exam-focused questions__  **Category**: [IT & Software](https://m.forasm.com/it-and-software) > [IT Certifications](https://m.forasm.com/it-and-software/it-certification)"
267142,2025-12-23T13:25:48+00:00,https://t.me/Udemy_Free_Courses4/267142,AZ-104,"**Title**: Microsoft Azure Administrator Complete Course: AZ-104 (2025) **Language**: English (US)  **Headline**: __Implement and manage Azure cloud services. Identity management, access control, and security policies__  **Category**: [IT & Software](https://m.forasm.com/it-and-software) > [Other IT & Software](https://m.forasm.com/it-and-software/other-it-and-software)"
267632,2025-12-26T04:25:07+00:00,https://t.me/Udemy_Free_Courses4/267632,CCNA,"**Title**: Pinnacle CCNA Marathi â€“ Learn Local, Work Global **Language**: Marathi  **Headline**: __Beginner-friendly CCNA networking course in Marathi with clear theory, IP addressing, and Packet Tracer practice__  **Category**: [Teaching & Academics](https://m.forasm.com/teaching-and-academics) > [Engineering](https://m.forasm.com/teaching-and-academics/engineering)"
267634,2025-12-26T04:55:33+00:00,https://t.me/Udemy_Free_Courses4/267634,AZ-104,**Title**: AZ-104: A Complete Hand-On Azure Administrator Training **Language**: English (US)  **Headline**: __Mastering Azure Administration with Hands-On Demos and Practice Tests to Become a Certified Azure Administrator (AZ-104)__  **Category**: [IT & Software](https://m.forasm.com/it-and-software) > [IT Certifications](https://m.forasm.com/it-and-software/it-certification)
267852,2025-12-27T08:26:06+00:00,https://t.me/Udemy_Free_Courses4/267852,CompTIA Security+|SY0-701,"**Title**: CompTIA Security+ (SY0-701) Practice Tests **Language**: English (US)  **Headline**: __5 Practice Tests, 450 Questions, Answers and Explanations covering all listed Security+ SY0-701 exam objectives__  **Category**: [IT & Software](https://m.forasm.com/it-and-software) > [IT Certifications](https://m.forasm.com/it-and-software/it-certification)"
267861,2025-12-27T09:55:31+00:00,https://t.me/Udemy_Free_Courses4/267861,CCNA,"**Title**: CCNA Networking Essentials: A Comprehensive Cisco Course **Language**: English (US)  **Headline**: __CCNA Networking: Master TCP/IP, VLANs, Routing Protocols, and Security Fundamentals for Success in IT__  **Category**: [IT & Software](https://m.forasm.com/it-and-software) > [IT Certifications](https://m.forasm.com/it-and-software/it-certification)"
268228,2025-12-29T09:55:01+00:00,https://t.me/Udemy_Free_Courses4/268228,AZ-104,"**Title**: Microsoft Azure Administrator Complete Course: AZ-104 (2025) **Language**: English (US)  **Headline**: __Implement and manage Azure cloud services. Identity management, access control, and security policies__  **Category**: [IT & Software](https://m.forasm.com/it-and-software) > [Other IT & Software](https://m.forasm.com/it-and-software/other-it-and-software)"
268542,2025-12-31T02:55:52+00:00,https://t.me/Udemy_Free_Courses4/268542,AZ-104,**Title**: AZ 104 - Manage Identities and Governance in Azure **Language**: English (US)  **Headline**: __Mastering Identity Protection and Access Control: A Comprehensive Guide__  **Category**: [IT & Software](https://m.forasm.com/it-and-software) > [Other IT & Software](https://m.forasm.com/it-and-software/other-it-and-software)
268900,2026-01-02T05:05:26+00:00,https://t.me/Udemy_Free_Courses4/268900,200-301|CCNA,**Title**: Practice exams for the CCNA  200-301 V1.1 (Updated 2025) **Language**: English (US)  **Headline**: __Turbocharge Your Networking Career with 1000+ Latest Exam-Aligned Questions!__  **Category**: [IT & Software](https://m.forasm.com/it-and-software) > [Network & Security](https://m.forasm.com/it-and-software/network-and-security)
268939,2026-01-02T05:07:10+00:00,https://t.me/Udemy_Free_Courses4/268939,CCNA,**Title**: Practice exams for the CCNA CyberOps Associate 200-201 v1.1 **Language**: English (US)  **Headline**: __Skyrocket Your Cyber Defense Skills with 500+ Expert-Crafted Questions!__  **Category**: [IT & Software](https://m.forasm.com/it-and-software) > [Network & Security](https://m.forasm.com/it-and-software/network-and-security)
268979,2026-01-02T05:09:17+00:00,https://t.me/Udemy_Free_Courses4/268979,SY0-701,**Title**: Practice exams for the CompTIA SY0-701 certification **Language**: English (US)  **Headline**: __Comprehensive Practice with five Full-Length Mock Exams for Exam Success__  **Category**: [IT & Software](https://m.forasm.com/it-and-software) > [IT Certifications](https://m.forasm.com/it-and-software/it-certification)
269109,2026-01-02T15:06:22+00:00,https://t.me/Udemy_Free_Courses4/269109,200-301|CCNA,**Title**: CCNA (Cisco Certified Network Associate) Practice Exams 2024 **Language**: English (US)  **Headline**: __Cisco CCNA 200-301 Practice Test - Full-length Simulation Questions | Latest Updated AUG 2024 with detail explanation__  **Category**: [IT & Software](https://m.forasm.com/it-and-software) > [IT Certifications](https://m.forasm.com/it-and-software/it-certification)
269131,2026-01-02T15:35:39+00:00,https://t.me/Udemy_Free_Courses4/269131,AZ-104,**Title**: Microsoft Azure Administrator AZ-104: Practice Test 2026 **Language**: English (US)  **Headline**: __Microsoft Azure Administrator Associate Exam AZ-104: Practice Test 2026__  **Category**: [IT & Software](https://m.forasm.com/it-and-software) > [IT Certifications](https://m.forasm.com/it-and-software/it-certification)
